insert into e values ('Udipta', 'Apple', 'Hyderabad');
insert into e values ('Tarun', 'Cat', 'Bangalore');
insert into e values ('Brintha', 'Dog', 'Bangalore');
insert into e values ('Simmi', 'Dog', 'Bangalore');
insert into e values ('Swati', 'Cat', 'Bangalore');
insert into e values ('Shefil', 'Apple', 'Hyderabad');
insert into e values ('Praveen', 'Ball', 'Hyderabad');
insert into e values ('Rahul', 'Ball', 'Hyderabad');
insert into e values ('Abhishek', 'Ball', 'Hyderabad');
insert into e values ('Hedhav', 'Apple', 'Hyderabad');

insert into b values ('SBI', 'Hyderabad');
insert into b values ('HDFC', 'Bangalore');
insert into b values ('YesBank', 'Bangalore');
insert into b values ('PNB', 'Hyderabad');
insert into b values ('VISA', 'Hyderabad');

insert into w values ('Udipta', 'SBI', 150000);
insert into w values ('Tarun', 'HDFC', 50000);
insert into w values ('Brintha', 'SBI', 100000);
insert into w values ('Simmi', 'HDFC', 110000);
insert into w values ('Swati', 'YesBank', 100000);
insert into w values ('Shefil', 'YesBank', 100000);
insert into w values ('Praveen', 'VISA', 100000);
insert into w values ('Rahul', 'PNB', 60000);
insert into w values ('Abhsiehk', 'VISA', 45000);
insert into w values ('Hedhav', 'SBI', 90000);

insert into m values ('Abhishek', 'Udipta');
insert into m values ('Praveen', 'Udipta');
insert into m values ('Rahul', 'Udipta');
insert into m values ('Tarun', 'Udipta');
insert into m values ('Tarun', 'Brintha');
insert into m values ('Udipta', 'Brintha');
insert into m values ('Shefil', 'Tarun');
insert into m values ('Swati', 'Tarun');
insert into m values ('Swati', 'Simmi');
insert into m values ('Simmi', 'Hedhav');